<atelier xmlns="http://www.atelierRGB.pt/Atelier" xmlns:xsi="http://www.w3.org/2001/XMLSchema-instance" xsi:schemaLocation="http://www.atelierRGB.pt/Atelier../XSD/Atelier.xsd">
  <reservations>
    <date>2022-09-16</date>
    <slots>50</slots>
  </reservations>
  <reservations>
    <date>2022-11-11</date>
    <slots>0</slots>
  </reservations>
  <reservations>
    <date>2022-11-17</date>
    <slots>10</slots>
  </reservations>
  <reservations>
    <date>2022-10-24</date>
    <slots>7</slots>
  </reservations>
  <reservations>
    <date>2022-10-11</date>
    <slots>32</slots>
  </reservations>
  <reservations>
    <date>2022-10-12</date>
    <slots>16</slots>
  </reservations>
  <reservations>
    <date>2022-12-18</date>
    <slots>9</slots>
  </reservations>
  <reservations>
    <date>2022-11-14</date>
    <slots>9</slots>
  </reservations>
  <reservations>
    <date>2022-12-12</date>
    <slots>21</slots>
  </reservations>
  <reservations>
    <date>2022-12-14</date>
    <slots>6</slots>
  </reservations>
  <reservations>
    <date>2022-10-18</date>
    <slots>9</slots>
  </reservations>
  <reservations>
    <date>2022-10-17</date>
    <slots>23</slots>
  </reservations>
  <reservations>
    <date>2022-10-19</date>
    <slots>2</slots>
  </reservations>
  <reservations>
    <date>2022-12-21</date>
    <slots>12</slots>
  </reservations>
  <reservations>
    <date>2022-12-24</date>
    <slots>42</slots>
  </reservations>
  <reservations>
    <date>2022-10-10</date>
    <slots>15</slots>
  </reservations>
  <reservations>
    <date>2022-12-17</date>
    <slots>30</slots>
  </reservations>
  <reservations>
    <date>2022-12-22</date>
    <slots>17</slots>
  </reservations>
  <reservations>
    <date>2022-12-13</date>
    <slots>19</slots>
  </reservations>
  <reservations>
    <date>2022-12-20</date>
    <slots>26</slots>
  </reservations>
  <reservations>
    <date>2022-11-19</date>
    <slots>42</slots>
  </reservations>
  <reservations>
    <date>2022-11-21</date>
    <slots>36</slots>
  </reservations>
  <reservations>
    <date>2022-10-22</date>
    <slots>17</slots>
  </reservations>
  <reservations>
    <date>2022-11-20</date>
    <slots>39</slots>
  </reservations>
  <reservations>
    <date>2022-11-16</date>
    <slots>20</slots>
  </reservations>
  <reservations>
    <date>2022-11-12</date>
    <slots>27</slots>
  </reservations>
  <reservations>
    <date>2022-12-11</date>
    <slots>35</slots>
  </reservations>
  <reservations>
    <date>2022-11-10</date>
    <slots>44</slots>
  </reservations>
  <reservations>
    <date>2022-10-20</date>
    <slots>35</slots>
  </reservations>
  <reservations>
    <date>2022-11-18</date>
    <slots>29</slots>
  </reservations>
  <reservations>
    <date>2022-10-13</date>
    <slots>33</slots>
  </reservations>
  <reservations>
    <date>2022-12-25</date>
    <slots>30</slots>
  </reservations>
  <reservations>
    <date>2022-11-23</date>
    <slots>38</slots>
  </reservations>
  <reservations>
    <date>2022-12-10</date>
    <slots>46</slots>
  </reservations>
  <reservations>
    <date>2022-11-25</date>
    <slots>37</slots>
  </reservations>
  <reservations>
    <date>2022-10-23</date>
    <slots>43</slots>
  </reservations>
  <reservations>
    <date>2022-10-14</date>
    <slots>38</slots>
  </reservations>
  <reservations>
    <date>2022-11-24</date>
    <slots>48</slots>
  </reservations>
  <reservations>
    <date>2022-10-15</date>
    <slots>45</slots>
  </reservations>
  <reservations>
    <date>2022-11-22</date>
    <slots>45</slots>
  </reservations>
  <reservations>
    <date>2022-10-16</date>
    <slots>44</slots>
  </reservations>
  <reservations>
    <date>2022-10-21</date>
    <slots>48</slots>
  </reservations>
  <location>
    <country>Portugal</country>
    <city>Felgueiras</city>
    <address>Rua do Curral</address>
    <contact>911911911</contact>
  </location>
</atelier>