<atelier xmlns="http://www.atelierRGB.pt/Atelier" xmlns:xsi="http://www.w3.org/2001/XMLSchema-instance" xsi:schemaLocation="http://www.atelierRGB.pt/Atelier../XSD/Atelier.xsd">
  <reservations>
    <date>2022-09-17</date>
    <slots>50</slots>
  </reservations>
  <reservations>
    <date>2022-11-11</date>
    <slots>0</slots>
  </reservations>
  <reservations>
    <date>2022-12-18</date>
    <slots>7</slots>
  </reservations>
  <reservations>
    <date>2022-10-16</date>
    <slots>9</slots>
  </reservations>
  <reservations>
    <date>2022-11-22</date>
    <slots>25</slots>
  </reservations>
  <reservations>
    <date>2022-12-11</date>
    <slots>26</slots>
  </reservations>
  <reservations>
    <date>2022-10-11</date>
    <slots>9</slots>
  </reservations>
  <reservations>
    <date>2022-11-21</date>
    <slots>5</slots>
  </reservations>
  <reservations>
    <date>2022-12-16</date>
    <slots>8</slots>
  </reservations>
  <reservations>
    <date>2022-11-14</date>
    <slots>6</slots>
  </reservations>
  <reservations>
    <date>2022-11-20</date>
    <slots>5</slots>
  </reservations>
  <reservations>
    <date>2022-12-12</date>
    <slots>17</slots>
  </reservations>
  <reservations>
    <date>2022-11-17</date>
    <slots>6</slots>
  </reservations>
  <reservations>
    <date>2022-10-10</date>
    <slots>3</slots>
  </reservations>
  <reservations>
    <date>2022-11-12</date>
    <slots>24</slots>
  </reservations>
  <reservations>
    <date>2022-11-10</date>
    <slots>19</slots>
  </reservations>
  <reservations>
    <date>2022-11-15</date>
    <slots>38</slots>
  </reservations>
  <reservations>
    <date>2022-12-25</date>
    <slots>28</slots>
  </reservations>
  <reservations>
    <date>2022-12-23</date>
    <slots>31</slots>
  </reservations>
  <reservations>
    <date>2022-10-15</date>
    <slots>19</slots>
  </reservations>
  <reservations>
    <date>2022-12-17</date>
    <slots>8</slots>
  </reservations>
  <reservations>
    <date>2022-11-19</date>
    <slots>16</slots>
  </reservations>
  <reservations>
    <date>2022-12-24</date>
    <slots>14</slots>
  </reservations>
  <reservations>
    <date>2022-12-15</date>
    <slots>34</slots>
  </reservations>
  <reservations>
    <date>2022-10-19</date>
    <slots>39</slots>
  </reservations>
  <reservations>
    <date>2022-10-25</date>
    <slots>39</slots>
  </reservations>
  <reservations>
    <date>2022-12-14</date>
    <slots>45</slots>
  </reservations>
  <reservations>
    <date>2022-10-22</date>
    <slots>38</slots>
  </reservations>
  <reservations>
    <date>2022-10-13</date>
    <slots>43</slots>
  </reservations>
  <reservations>
    <date>2022-10-18</date>
    <slots>40</slots>
  </reservations>
  <reservations>
    <date>2022-11-23</date>
    <slots>39</slots>
  </reservations>
  <reservations>
    <date>2022-12-22</date>
    <slots>43</slots>
  </reservations>
  <reservations>
    <date>2022-11-13</date>
    <slots>33</slots>
  </reservations>
  <reservations>
    <date>2022-10-21</date>
    <slots>44</slots>
  </reservations>
  <reservations>
    <date>2022-12-20</date>
    <slots>46</slots>
  </reservations>
  <reservations>
    <date>2022-11-24</date>
    <slots>41</slots>
  </reservations>
  <reservations>
    <date>2022-10-20</date>
    <slots>41</slots>
  </reservations>
  <reservations>
    <date>2022-10-23</date>
    <slots>46</slots>
  </reservations>
  <reservations>
    <date>2022-11-25</date>
    <slots>48</slots>
  </reservations>
  <reservations>
    <date>2022-11-18</date>
    <slots>49</slots>
  </reservations>
  <reservations>
    <date>2022-10-24</date>
    <slots>47</slots>
  </reservations>
</atelier>