<reservation xmlns="http://www.atelierRGB.pt/Reservation" reservationID="123">
  <id>123</id>
  <date>2022-12-12</date>
  <state>Active</state>
  <family>
    <numberElements>5</numberElements>
    <f:familyElement xmlns:f="http://www.atelierRGB.pt/Family" xmlns:xsi="http://www.w3.org/2001/XMLSchema-instance" xmlns:gd="http://www.atelierRGB.pt/GeographicData">
      <f:name>Sofia</f:name>
      <f:sex>Feminine</f:sex>
      <f:birthDate>2020-11-14</f:birthDate>
    </f:familyElement>
    <f:familyElement xmlns:f="http://www.atelierRGB.pt/Family" xmlns:xsi="http://www.w3.org/2001/XMLSchema-instance" xmlns:gd="http://www.atelierRGB.pt/GeographicData">
      <f:name>Ana</f:name>
      <f:sex>Feminine</f:sex>
      <f:birthDate>2018-11-10</f:birthDate>
    </f:familyElement>
    <f:familyElement xmlns:f="http://www.atelierRGB.pt/Family" xmlns:xsi="http://www.w3.org/2001/XMLSchema-instance" xmlns:gd="http://www.atelierRGB.pt/GeographicData">
      <f:name>Martina</f:name>
      <f:sex>Feminine</f:sex>
      <f:birthDate>2018-11-13</f:birthDate>
    </f:familyElement>
    <f:familyElement xmlns:f="http://www.atelierRGB.pt/Family" xmlns:xsi="http://www.w3.org/2001/XMLSchema-instance" xmlns:gd="http://www.atelierRGB.pt/GeographicData">
      <f:name>Sara</f:name>
      <f:sex>Feminine</f:sex>
      <f:birthDate>2020-11-10</f:birthDate>
    </f:familyElement>
    <f:familyElement xmlns:f="http://www.atelierRGB.pt/Family" xmlns:xsi="http://www.w3.org/2001/XMLSchema-instance" xmlns:gd="http://www.atelierRGB.pt/GeographicData">
      <f:name>Carmen</f:name>
      <f:sex>Feminine</f:sex>
      <f:birthDate>2017-10-26</f:birthDate>
    </f:familyElement>
    <f:origin xmlns:f="http://www.atelierRGB.pt/Family" xmlns:xsi="http://www.w3.org/2001/XMLSchema-instance" xmlns:gd="http://www.atelierRGB.pt/GeographicData">
      <gd:countryName>Germany</gd:countryName>
      <gd:cityName>Berlin</gd:cityName>
    </f:origin>
    <f:emergencyContact xmlns:f="http://www.atelierRGB.pt/Family" xmlns:xsi="http://www.w3.org/2001/XMLSchema-instance" xmlns:gd="http://www.atelierRGB.pt/GeographicData">351234567</f:emergencyContact>
  </family>
</reservation>