<reservation xmlns="http://www.atelierRGB.pt/Reservation" reservationID="541">
  <id>541</id>
  <date>2022-12-20</date>
  <state>Active</state>
  <family>
    <numberElements>1</numberElements>
    <f:familyElement xmlns:f="http://www.atelierRGB.pt/Family" xmlns:xsi="http://www.w3.org/2001/XMLSchema-instance" xmlns:gd="http://www.atelierRGB.pt/GeographicData">
      <f:name>Ana</f:name>
      <f:birthDate>2014-11-22</f:birthDate>
    </f:familyElement>
    <f:origin xmlns:f="http://www.atelierRGB.pt/Family" xmlns:xsi="http://www.w3.org/2001/XMLSchema-instance" xmlns:gd="http://www.atelierRGB.pt/GeographicData">
      <gd:countryName>Canada</gd:countryName>
      <gd:cityName>Ottawa</gd:cityName>
    </f:origin>
    <f:emergencyContact xmlns:f="http://www.atelierRGB.pt/Family" xmlns:xsi="http://www.w3.org/2001/XMLSchema-instance" xmlns:gd="http://www.atelierRGB.pt/GeographicData">911922933</f:emergencyContact>
  </family>
</reservation>