<reservation xmlns="http://www.atelierRGB.pt/Reservation" reservationID="111">
  <id>111</id>
  <date>2022-10-22</date>
  <state>Active</state>
  <family>
    <numberElements>5</numberElements>
    <f:familyElement xmlns:f="http://www.atelierRGB.pt/Family" xmlns:xsi="http://www.w3.org/2001/XMLSchema-instance" xmlns:gd="http://www.atelierRGB.pt/GeographicData">
      <f:name>Marta</f:name>
      <f:sex>Feminine</f:sex>
      <f:birthDate>2015-10-24</f:birthDate>
    </f:familyElement>
    <f:familyElement xmlns:f="http://www.atelierRGB.pt/Family" xmlns:xsi="http://www.w3.org/2001/XMLSchema-instance" xmlns:gd="http://www.atelierRGB.pt/GeographicData">
      <f:name>Carmen</f:name>
      <f:sex>Feminine</f:sex>
      <f:birthDate>2016-10-17</f:birthDate>
    </f:familyElement>
    <f:familyElement xmlns:f="http://www.atelierRGB.pt/Family" xmlns:xsi="http://www.w3.org/2001/XMLSchema-instance" xmlns:gd="http://www.atelierRGB.pt/GeographicData">
      <f:name>Marta</f:name>
      <f:sex>Feminine</f:sex>
      <f:birthDate>2021-10-12</f:birthDate>
    </f:familyElement>
    <f:familyElement xmlns:f="http://www.atelierRGB.pt/Family" xmlns:xsi="http://www.w3.org/2001/XMLSchema-instance" xmlns:gd="http://www.atelierRGB.pt/GeographicData">
      <f:name>Pilar</f:name>
      <f:sex>Feminine</f:sex>
      <f:birthDate>2018-11-10</f:birthDate>
    </f:familyElement>
    <f:familyElement xmlns:f="http://www.atelierRGB.pt/Family" xmlns:xsi="http://www.w3.org/2001/XMLSchema-instance" xmlns:gd="http://www.atelierRGB.pt/GeographicData">
      <f:name>Maria</f:name>
      <f:sex>Feminine</f:sex>
      <f:birthDate>2021-11-11</f:birthDate>
    </f:familyElement>
    <f:origin xmlns:f="http://www.atelierRGB.pt/Family" xmlns:xsi="http://www.w3.org/2001/XMLSchema-instance" xmlns:gd="http://www.atelierRGB.pt/GeographicData">
      <gd:countryName>United Kingdom</gd:countryName>
      <gd:cityName>London</gd:cityName>
    </f:origin>
  </family>
</reservation>