<reservation xmlns="http://www.atelierRGB.pt/Reservation" reservationID="17">
  <id>17</id>
  <date>2022-12-18</date>
  <state>Canceled</state>
  <family>
    <numberElements>7</numberElements>
    <f:familyElement xmlns:f="http://www.atelierRGB.pt/Family" xmlns:xsi="http://www.w3.org/2001/XMLSchema-instance" xmlns:gd="http://www.atelierRGB.pt/GeographicData">
      <f:name>Laura</f:name>
      <f:sex>Feminine</f:sex>
      <f:birthDate>2017-11-18</f:birthDate>
    </f:familyElement>
    <f:familyElement xmlns:f="http://www.atelierRGB.pt/Family" xmlns:xsi="http://www.w3.org/2001/XMLSchema-instance" xmlns:gd="http://www.atelierRGB.pt/GeographicData">
      <f:name>Pilar</f:name>
      <f:sex>Feminine</f:sex>
      <f:birthDate>2020-12-11</f:birthDate>
    </f:familyElement>
    <f:familyElement xmlns:f="http://www.atelierRGB.pt/Family" xmlns:xsi="http://www.w3.org/2001/XMLSchema-instance" xmlns:gd="http://www.atelierRGB.pt/GeographicData">
      <f:name>Martina</f:name>
      <f:sex>Feminine</f:sex>
      <f:birthDate>2015-10-15</f:birthDate>
    </f:familyElement>
    <f:familyElement xmlns:f="http://www.atelierRGB.pt/Family" xmlns:xsi="http://www.w3.org/2001/XMLSchema-instance" xmlns:gd="http://www.atelierRGB.pt/GeographicData">
      <f:name>Sofia</f:name>
      <f:sex>Feminine</f:sex>
      <f:birthDate>2013-12-26</f:birthDate>
    </f:familyElement>
    <f:familyElement xmlns:f="http://www.atelierRGB.pt/Family" xmlns:xsi="http://www.w3.org/2001/XMLSchema-instance" xmlns:gd="http://www.atelierRGB.pt/GeographicData">
      <f:name>Laura</f:name>
      <f:sex>Feminine</f:sex>
      <f:birthDate>2021-11-15</f:birthDate>
    </f:familyElement>
    <f:familyElement xmlns:f="http://www.atelierRGB.pt/Family" xmlns:xsi="http://www.w3.org/2001/XMLSchema-instance" xmlns:gd="http://www.atelierRGB.pt/GeographicData">
      <f:name>Maria</f:name>
      <f:sex>Feminine</f:sex>
      <f:birthDate>2017-11-18</f:birthDate>
    </f:familyElement>
    <f:familyElement xmlns:f="http://www.atelierRGB.pt/Family" xmlns:xsi="http://www.w3.org/2001/XMLSchema-instance" xmlns:gd="http://www.atelierRGB.pt/GeographicData">
      <f:name>Carmen</f:name>
      <f:sex>Feminine</f:sex>
      <f:birthDate>2013-12-21</f:birthDate>
    </f:familyElement>
    <f:origin xmlns:f="http://www.atelierRGB.pt/Family" xmlns:xsi="http://www.w3.org/2001/XMLSchema-instance" xmlns:gd="http://www.atelierRGB.pt/GeographicData">
      <gd:countryName>Canada</gd:countryName>
      <gd:cityName>Ottawa</gd:cityName>
    </f:origin>
  </family>
</reservation>