<reservation xmlns="http://www.atelierRGB.pt/Reservation" reservationID="379">
  <id>379</id>
  <date>2022-10-10</date>
  <state>Active</state>
  <family>
    <numberElements>5</numberElements>
    <f:familyElement xmlns:f="http://www.atelierRGB.pt/Family" xmlns:xsi="http://www.w3.org/2001/XMLSchema-instance" xmlns:gd="http://www.atelierRGB.pt/GeographicData">
      <f:name>Martina</f:name>
      <f:sex>Feminine</f:sex>
      <f:birthDate>2013-12-21</f:birthDate>
    </f:familyElement>
    <f:familyElement xmlns:f="http://www.atelierRGB.pt/Family" xmlns:xsi="http://www.w3.org/2001/XMLSchema-instance" xmlns:gd="http://www.atelierRGB.pt/GeographicData">
      <f:name>Pilar</f:name>
      <f:sex>Feminine</f:sex>
      <f:birthDate>2014-11-23</f:birthDate>
    </f:familyElement>
    <f:familyElement xmlns:f="http://www.atelierRGB.pt/Family" xmlns:xsi="http://www.w3.org/2001/XMLSchema-instance" xmlns:gd="http://www.atelierRGB.pt/GeographicData">
      <f:name>Sofia</f:name>
      <f:sex>Feminine</f:sex>
      <f:birthDate>2014-10-28</f:birthDate>
    </f:familyElement>
    <f:familyElement xmlns:f="http://www.atelierRGB.pt/Family" xmlns:xsi="http://www.w3.org/2001/XMLSchema-instance" xmlns:gd="http://www.atelierRGB.pt/GeographicData">
      <f:name>Sofia</f:name>
      <f:sex>Feminine</f:sex>
      <f:birthDate>2020-11-11</f:birthDate>
    </f:familyElement>
    <f:familyElement xmlns:f="http://www.atelierRGB.pt/Family" xmlns:xsi="http://www.w3.org/2001/XMLSchema-instance" xmlns:gd="http://www.atelierRGB.pt/GeographicData">
      <f:name>Sofia</f:name>
      <f:sex>Feminine</f:sex>
      <f:birthDate>2020-12-11</f:birthDate>
    </f:familyElement>
    <f:origin xmlns:f="http://www.atelierRGB.pt/Family" xmlns:xsi="http://www.w3.org/2001/XMLSchema-instance" xmlns:gd="http://www.atelierRGB.pt/GeographicData">
      <gd:countryName>France</gd:countryName>
      <gd:cityName>Paris</gd:cityName>
    </f:origin>
  </family>
</reservation>