<reservation xmlns="http://www.atelierRGB.pt/Reservation" reservationID="335">
  <id>335</id>
  <date>2022-12-14</date>
  <state>Active</state>
  <family>
    <numberElements>7</numberElements>
    <f:familyElement xmlns:f="http://www.atelierRGB.pt/Family" xmlns:xsi="http://www.w3.org/2001/XMLSchema-instance" xmlns:gd="http://www.atelierRGB.pt/GeographicData">
      <f:name>Maria</f:name>
      <f:sex>Feminine</f:sex>
      <f:birthDate>2012-12-26</f:birthDate>
    </f:familyElement>
    <f:familyElement xmlns:f="http://www.atelierRGB.pt/Family" xmlns:xsi="http://www.w3.org/2001/XMLSchema-instance" xmlns:gd="http://www.atelierRGB.pt/GeographicData">
      <f:name>Ana</f:name>
      <f:sex>Feminine</f:sex>
      <f:birthDate>2017-11-18</f:birthDate>
    </f:familyElement>
    <f:familyElement xmlns:f="http://www.atelierRGB.pt/Family" xmlns:xsi="http://www.w3.org/2001/XMLSchema-instance" xmlns:gd="http://www.atelierRGB.pt/GeographicData">
      <f:name>Pilar</f:name>
      <f:sex>Feminine</f:sex>
      <f:birthDate>2015-12-18</f:birthDate>
    </f:familyElement>
    <f:familyElement xmlns:f="http://www.atelierRGB.pt/Family" xmlns:xsi="http://www.w3.org/2001/XMLSchema-instance" xmlns:gd="http://www.atelierRGB.pt/GeographicData">
      <f:name>Sofia</f:name>
      <f:sex>Feminine</f:sex>
      <f:birthDate>2016-10-26</f:birthDate>
    </f:familyElement>
    <f:familyElement xmlns:f="http://www.atelierRGB.pt/Family" xmlns:xsi="http://www.w3.org/2001/XMLSchema-instance" xmlns:gd="http://www.atelierRGB.pt/GeographicData">
      <f:name>Maria</f:name>
      <f:sex>Feminine</f:sex>
      <f:birthDate>2018-10-11</f:birthDate>
    </f:familyElement>
    <f:familyElement xmlns:f="http://www.atelierRGB.pt/Family" xmlns:xsi="http://www.w3.org/2001/XMLSchema-instance" xmlns:gd="http://www.atelierRGB.pt/GeographicData">
      <f:name>Maria</f:name>
      <f:sex>Feminine</f:sex>
      <f:birthDate>2017-12-22</f:birthDate>
    </f:familyElement>
    <f:familyElement xmlns:f="http://www.atelierRGB.pt/Family" xmlns:xsi="http://www.w3.org/2001/XMLSchema-instance" xmlns:gd="http://www.atelierRGB.pt/GeographicData">
      <f:name>Ana</f:name>
      <f:sex>Feminine</f:sex>
      <f:birthDate>2018-10-11</f:birthDate>
    </f:familyElement>
    <f:origin xmlns:f="http://www.atelierRGB.pt/Family" xmlns:xsi="http://www.w3.org/2001/XMLSchema-instance" xmlns:gd="http://www.atelierRGB.pt/GeographicData">
      <gd:countryName>Portugal</gd:countryName>
      <gd:cityName>Lisbon</gd:cityName>
    </f:origin>
  </family>
</reservation>