<reservation xmlns="http://www.atelierRGB.pt/Reservation" reservationID="445">
  <id>445</id>
  <date>2022-12-21</date>
  <state>Active</state>
  <family>
    <numberElements>4</numberElements>
    <f:familyElement xmlns:f="http://www.atelierRGB.pt/Family" xmlns:xsi="http://www.w3.org/2001/XMLSchema-instance" xmlns:gd="http://www.atelierRGB.pt/GeographicData">
      <f:name>Laura</f:name>
      <f:sex>Feminine</f:sex>
      <f:birthDate>2018-11-13</f:birthDate>
    </f:familyElement>
    <f:familyElement xmlns:f="http://www.atelierRGB.pt/Family" xmlns:xsi="http://www.w3.org/2001/XMLSchema-instance" xmlns:gd="http://www.atelierRGB.pt/GeographicData">
      <f:name>Martina</f:name>
      <f:sex>Feminine</f:sex>
      <f:birthDate>2018-11-10</f:birthDate>
    </f:familyElement>
    <f:familyElement xmlns:f="http://www.atelierRGB.pt/Family" xmlns:xsi="http://www.w3.org/2001/XMLSchema-instance" xmlns:gd="http://www.atelierRGB.pt/GeographicData">
      <f:name>Carmen</f:name>
      <f:sex>Feminine</f:sex>
      <f:birthDate>2015-11-23</f:birthDate>
    </f:familyElement>
    <f:familyElement xmlns:f="http://www.atelierRGB.pt/Family" xmlns:xsi="http://www.w3.org/2001/XMLSchema-instance" xmlns:gd="http://www.atelierRGB.pt/GeographicData">
      <f:name>Carla</f:name>
      <f:sex>Feminine</f:sex>
      <f:birthDate>2017-12-14</f:birthDate>
    </f:familyElement>
    <f:origin xmlns:f="http://www.atelierRGB.pt/Family" xmlns:xsi="http://www.w3.org/2001/XMLSchema-instance" xmlns:gd="http://www.atelierRGB.pt/GeographicData">
      <gd:countryName>Germany</gd:countryName>
      <gd:cityName>Berlin</gd:cityName>
    </f:origin>
    <f:emergencyContact xmlns:f="http://www.atelierRGB.pt/Family" xmlns:xsi="http://www.w3.org/2001/XMLSchema-instance" xmlns:gd="http://www.atelierRGB.pt/GeographicData">256123456</f:emergencyContact>
  </family>
</reservation>