<reservation xmlns="http://www.atelierRGB.pt/Reservation" reservationID="192">
  <id>192</id>
  <date>2022-11-17</date>
  <state>Active</state>
  <family>
    <numberElements>3</numberElements>
    <f:familyElement xmlns:f="http://www.atelierRGB.pt/Family" xmlns:xsi="http://www.w3.org/2001/XMLSchema-instance" xmlns:gd="http://www.atelierRGB.pt/GeographicData">
      <f:name>Maria</f:name>
      <f:sex>Feminine</f:sex>
      <f:birthDate>2021-11-16</f:birthDate>
    </f:familyElement>
    <f:familyElement xmlns:f="http://www.atelierRGB.pt/Family" xmlns:xsi="http://www.w3.org/2001/XMLSchema-instance" xmlns:gd="http://www.atelierRGB.pt/GeographicData">
      <f:name>Carla</f:name>
      <f:sex>Feminine</f:sex>
      <f:birthDate>2012-12-26</f:birthDate>
    </f:familyElement>
    <f:familyElement xmlns:f="http://www.atelierRGB.pt/Family" xmlns:xsi="http://www.w3.org/2001/XMLSchema-instance" xmlns:gd="http://www.atelierRGB.pt/GeographicData">
      <f:name>Ana</f:name>
      <f:sex>Feminine</f:sex>
      <f:birthDate>2018-10-11</f:birthDate>
    </f:familyElement>
    <f:origin xmlns:f="http://www.atelierRGB.pt/Family" xmlns:xsi="http://www.w3.org/2001/XMLSchema-instance" xmlns:gd="http://www.atelierRGB.pt/GeographicData">
      <gd:countryName>Brazil</gd:countryName>
      <gd:cityName>Sao Paulo</gd:cityName>
    </f:origin>
  </family>
</reservation>