<reservation xmlns="http://www.atelierRGB.pt/Reservation" reservationID="161">
  <id>161</id>
  <date>2022-11-10</date>
  <state>Active</state>
  <family>
    <numberElements>3</numberElements>
    <f:familyElement xmlns:f="http://www.atelierRGB.pt/Family" xmlns:xsi="http://www.w3.org/2001/XMLSchema-instance" xmlns:gd="http://www.atelierRGB.pt/GeographicData">
      <f:name>Jorge</f:name>
      <f:birthDate>2018-11-21</f:birthDate>
    </f:familyElement>
    <f:familyElement xmlns:f="http://www.atelierRGB.pt/Family" xmlns:xsi="http://www.w3.org/2001/XMLSchema-instance" xmlns:gd="http://www.atelierRGB.pt/GeographicData">
      <f:name>Carlos</f:name>
      <f:birthDate>2012-12-16</f:birthDate>
    </f:familyElement>
    <f:familyElement xmlns:f="http://www.atelierRGB.pt/Family" xmlns:xsi="http://www.w3.org/2001/XMLSchema-instance" xmlns:gd="http://www.atelierRGB.pt/GeographicData">
      <f:name>Luis</f:name>
      <f:birthDate>2018-12-23</f:birthDate>
    </f:familyElement>
    <f:origin xmlns:f="http://www.atelierRGB.pt/Family" xmlns:xsi="http://www.w3.org/2001/XMLSchema-instance" xmlns:gd="http://www.atelierRGB.pt/GeographicData">
      <gd:countryName>United States of America</gd:countryName>
      <gd:cityName>New York</gd:cityName>
    </f:origin>
    <f:emergencyContact xmlns:f="http://www.atelierRGB.pt/Family" xmlns:xsi="http://www.w3.org/2001/XMLSchema-instance" xmlns:gd="http://www.atelierRGB.pt/GeographicData">944955966</f:emergencyContact>
  </family>
</reservation>