<atelier xmlns="http://www.atelierRGB.pt/Atelier" xmlns:xsi="http://www.w3.org/2001/XMLSchema-instance" xsi:schemaLocation="http://www.atelierRGB.pt/Atelier../XSD/Atelier.xsd">
  <reservations>
    <date>2022-09-16</date>
    <slots>50</slots>
  </reservations>
  <reservations>
    <date>2022-10-22</date>
    <slots>49</slots>
  </reservations>
  <reservations>
    <date>2022-11-24</date>
    <slots>49</slots>
  </reservations>
  <reservations>
    <date>2022-12-17</date>
    <slots>49</slots>
  </reservations>
  <reservations>
    <date>2022-12-11</date>
    <slots>49</slots>
  </reservations>
  <reservations>
    <date>2022-12-10</date>
    <slots>50</slots>
  </reservations>
</atelier>